ID,Side,Shape,Approx_dimensions_m,Adjacent_edges,Reference,Reuse,Required_before_model
UP-00-00,R,"one shallow curved quad, at most one primary fold/crease","{""width"": 0.169, ""height"": 0.15}","{""bottom"": ""UP-01-00.top"", ""left"": ""UP-00-07.right"", ""right"": ""UP-00-01.left""}",upper + assembly,Existing torso cross-section dimensions only; armhole boundary must be split using canonical micro references.,3×3 to 4×4 control grid; shared edge control IDs and weights before welding.
UP-00-01,R,"one shallow curved quad, at most one primary fold/crease","{""width"": 0.169, ""height"": 0.15}","{""bottom"": ""UP-01-01.top"", ""left"": ""UP-00-00.right"", ""right"": ""UP-00-02.left""}",upper + assembly,Existing torso cross-section dimensions only; armhole boundary must be split using canonical micro references.,3×3 to 4×4 control grid; shared edge control IDs and weights before welding.
UP-00-02,R,"one shallow curved quad, at most one primary fold/crease","{""width"": 0.169, ""height"": 0.15}","{""bottom"": ""UP-01-02.top"", ""left"": ""UP-00-01.right"", ""right"": ""UP-00-03.left""}",upper + assembly,Existing torso cross-section dimensions only; armhole boundary must be split using canonical micro references.,3×3 to 4×4 control grid; shared edge control IDs and weights before welding.
UP-00-03,R,"one shallow curved quad, at most one primary fold/crease","{""width"": 0.169, ""height"": 0.15}","{""bottom"": ""UP-01-03.top"", ""left"": ""UP-00-02.right"", ""right"": ""UP-00-04.left""}",upper + assembly,Existing torso cross-section dimensions only; armhole boundary must be split using canonical micro references.,3×3 to 4×4 control grid; shared edge control IDs and weights before welding.
UP-00-04,L,"one shallow curved quad, at most one primary fold/crease","{""width"": 0.169, ""height"": 0.15}","{""bottom"": ""UP-01-04.top"", ""left"": ""UP-00-03.right"", ""right"": ""UP-00-05.left""}",upper + assembly,Existing torso cross-section dimensions only; armhole boundary must be split using canonical micro references.,3×3 to 4×4 control grid; shared edge control IDs and weights before welding.
UP-00-05,L,"one shallow curved quad, at most one primary fold/crease","{""width"": 0.169, ""height"": 0.15}","{""bottom"": ""UP-01-05.top"", ""left"": ""UP-00-04.right"", ""right"": ""UP-00-06.left""}",upper + assembly,Existing torso cross-section dimensions only; armhole boundary must be split using canonical micro references.,3×3 to 4×4 control grid; shared edge control IDs and weights before welding.
UP-00-06,L,"one shallow curved quad, at most one primary fold/crease","{""width"": 0.169, ""height"": 0.15}","{""bottom"": ""UP-01-06.top"", ""left"": ""UP-00-05.right"", ""right"": ""UP-00-07.left""}",upper + assembly,Existing torso cross-section dimensions only; armhole boundary must be split using canonical micro references.,3×3 to 4×4 control grid; shared edge control IDs and weights before welding.
UP-00-07,L,"one shallow curved quad, at most one primary fold/crease","{""width"": 0.169, ""height"": 0.15}","{""bottom"": ""UP-01-07.top"", ""left"": ""UP-00-06.right"", ""right"": ""UP-00-00.left""}",upper + assembly,Existing torso cross-section dimensions only; armhole boundary must be split using canonical micro references.,3×3 to 4×4 control grid; shared edge control IDs and weights before welding.
UP-01-00,R,"one shallow curved quad, at most one primary fold/crease","{""width"": 0.169, ""height"": 0.15}","{""top"": ""UP-00-00.bottom"", ""bottom"": ""UP-02-00.top"", ""left"": ""UP-01-07.right"", ""right"": ""UP-01-01.left""}",upper + assembly,Existing torso cross-section dimensions only; armhole boundary must be split using canonical micro references.,3×3 to 4×4 control grid; shared edge control IDs and weights before welding.
UP-01-01,R,"one shallow curved quad, at most one primary fold/crease","{""width"": 0.169, ""height"": 0.15}","{""top"": ""UP-00-01.bottom"", ""bottom"": ""UP-02-01.top"", ""left"": ""UP-01-00.right"", ""right"": ""UP-01-02.left""}",upper + assembly,Existing torso cross-section dimensions only; armhole boundary must be split using canonical micro references.,3×3 to 4×4 control grid; shared edge control IDs and weights before welding.
UP-01-02,R,"one shallow curved quad, at most one primary fold/crease","{""width"": 0.169, ""height"": 0.15}","{""top"": ""UP-00-02.bottom"", ""bottom"": ""UP-02-02.top"", ""left"": ""UP-01-01.right"", ""right"": ""UP-01-03.left""}",upper + assembly,Existing torso cross-section dimensions only; armhole boundary must be split using canonical micro references.,3×3 to 4×4 control grid; shared edge control IDs and weights before welding.
UP-01-03,R,"one shallow curved quad, at most one primary fold/crease","{""width"": 0.169, ""height"": 0.15}","{""top"": ""UP-00-03.bottom"", ""bottom"": ""UP-02-03.top"", ""left"": ""UP-01-02.right"", ""right"": ""UP-01-04.left""}",upper + assembly,Existing torso cross-section dimensions only; armhole boundary must be split using canonical micro references.,3×3 to 4×4 control grid; shared edge control IDs and weights before welding.
UP-01-04,L,"one shallow curved quad, at most one primary fold/crease","{""width"": 0.169, ""height"": 0.15}","{""top"": ""UP-00-04.bottom"", ""bottom"": ""UP-02-04.top"", ""left"": ""UP-01-03.right"", ""right"": ""UP-01-05.left""}",upper + assembly,Existing torso cross-section dimensions only; armhole boundary must be split using canonical micro references.,3×3 to 4×4 control grid; shared edge control IDs and weights before welding.
UP-01-05,L,"one shallow curved quad, at most one primary fold/crease","{""width"": 0.169, ""height"": 0.15}","{""top"": ""UP-00-05.bottom"", ""bottom"": ""UP-02-05.top"", ""left"": ""UP-01-04.right"", ""right"": ""UP-01-06.left""}",upper + assembly,Existing torso cross-section dimensions only; armhole boundary must be split using canonical micro references.,3×3 to 4×4 control grid; shared edge control IDs and weights before welding.
UP-01-06,L,"one shallow curved quad, at most one primary fold/crease","{""width"": 0.169, ""height"": 0.15}","{""top"": ""UP-00-06.bottom"", ""bottom"": ""UP-02-06.top"", ""left"": ""UP-01-05.right"", ""right"": ""UP-01-07.left""}",upper + assembly,Existing torso cross-section dimensions only; armhole boundary must be split using canonical micro references.,3×3 to 4×4 control grid; shared edge control IDs and weights before welding.
UP-01-07,L,"one shallow curved quad, at most one primary fold/crease","{""width"": 0.169, ""height"": 0.15}","{""top"": ""UP-00-07.bottom"", ""bottom"": ""UP-02-07.top"", ""left"": ""UP-01-06.right"", ""right"": ""UP-01-00.left""}",upper + assembly,Existing torso cross-section dimensions only; armhole boundary must be split using canonical micro references.,3×3 to 4×4 control grid; shared edge control IDs and weights before welding.
UP-02-00,R,"one shallow curved quad, at most one primary fold/crease","{""width"": 0.169, ""height"": 0.15}","{""top"": ""UP-01-00.bottom"", ""bottom"": ""UP-03-00.top"", ""left"": ""UP-02-07.right"", ""right"": ""UP-02-01.left""}",upper + assembly,Existing torso cross-section dimensions only; armhole boundary must be split using canonical micro references.,3×3 to 4×4 control grid; shared edge control IDs and weights before welding.
UP-02-01,R,"one shallow curved quad, at most one primary fold/crease","{""width"": 0.169, ""height"": 0.15}","{""top"": ""UP-01-01.bottom"", ""bottom"": ""UP-03-01.top"", ""left"": ""UP-02-00.right"", ""right"": ""UP-02-02.left""}",upper + assembly,Existing torso cross-section dimensions only; armhole boundary must be split using canonical micro references.,3×3 to 4×4 control grid; shared edge control IDs and weights before welding.
UP-02-02,R,"one shallow curved quad, at most one primary fold/crease","{""width"": 0.169, ""height"": 0.15}","{""top"": ""UP-01-02.bottom"", ""bottom"": ""UP-03-02.top"", ""left"": ""UP-02-01.right"", ""right"": ""UP-02-03.left""}",upper + assembly,Existing torso cross-section dimensions only; armhole boundary must be split using canonical micro references.,3×3 to 4×4 control grid; shared edge control IDs and weights before welding.
UP-02-03,R,"one shallow curved quad, at most one primary fold/crease","{""width"": 0.169, ""height"": 0.15}","{""top"": ""UP-01-03.bottom"", ""bottom"": ""UP-03-03.top"", ""left"": ""UP-02-02.right"", ""right"": ""UP-02-04.left""}",upper + assembly,Existing torso cross-section dimensions only; armhole boundary must be split using canonical micro references.,3×3 to 4×4 control grid; shared edge control IDs and weights before welding.
UP-02-04,L,"one shallow curved quad, at most one primary fold/crease","{""width"": 0.169, ""height"": 0.15}","{""top"": ""UP-01-04.bottom"", ""bottom"": ""UP-03-04.top"", ""left"": ""UP-02-03.right"", ""right"": ""UP-02-05.left""}",upper + assembly,Existing torso cross-section dimensions only; armhole boundary must be split using canonical micro references.,3×3 to 4×4 control grid; shared edge control IDs and weights before welding.
UP-02-05,L,"one shallow curved quad, at most one primary fold/crease","{""width"": 0.169, ""height"": 0.15}","{""top"": ""UP-01-05.bottom"", ""bottom"": ""UP-03-05.top"", ""left"": ""UP-02-04.right"", ""right"": ""UP-02-06.left""}",upper + assembly,Existing torso cross-section dimensions only; armhole boundary must be split using canonical micro references.,3×3 to 4×4 control grid; shared edge control IDs and weights before welding.
UP-02-06,L,"one shallow curved quad, at most one primary fold/crease","{""width"": 0.169, ""height"": 0.15}","{""top"": ""UP-01-06.bottom"", ""bottom"": ""UP-03-06.top"", ""left"": ""UP-02-05.right"", ""right"": ""UP-02-07.left""}",upper + assembly,Existing torso cross-section dimensions only; armhole boundary must be split using canonical micro references.,3×3 to 4×4 control grid; shared edge control IDs and weights before welding.
UP-02-07,L,"one shallow curved quad, at most one primary fold/crease","{""width"": 0.169, ""height"": 0.15}","{""top"": ""UP-01-07.bottom"", ""bottom"": ""UP-03-07.top"", ""left"": ""UP-02-06.right"", ""right"": ""UP-02-00.left""}",upper + assembly,Existing torso cross-section dimensions only; armhole boundary must be split using canonical micro references.,3×3 to 4×4 control grid; shared edge control IDs and weights before welding.
UP-03-00,R,"one shallow curved quad, at most one primary fold/crease","{""width"": 0.169, ""height"": 0.15}","{""top"": ""UP-02-00.bottom"", ""left"": ""UP-03-07.right"", ""right"": ""UP-03-01.left""}",upper + assembly,Existing torso cross-section dimensions only; armhole boundary must be split using canonical micro references.,3×3 to 4×4 control grid; shared edge control IDs and weights before welding.
UP-03-01,R,"one shallow curved quad, at most one primary fold/crease","{""width"": 0.169, ""height"": 0.15}","{""top"": ""UP-02-01.bottom"", ""left"": ""UP-03-00.right"", ""right"": ""UP-03-02.left""}",upper + assembly,Existing torso cross-section dimensions only; armhole boundary must be split using canonical micro references.,3×3 to 4×4 control grid; shared edge control IDs and weights before welding.
UP-03-02,R,"one shallow curved quad, at most one primary fold/crease","{""width"": 0.169, ""height"": 0.15}","{""top"": ""UP-02-02.bottom"", ""left"": ""UP-03-01.right"", ""right"": ""UP-03-03.left""}",upper + assembly,Existing torso cross-section dimensions only; armhole boundary must be split using canonical micro references.,3×3 to 4×4 control grid; shared edge control IDs and weights before welding.
UP-03-03,R,"one shallow curved quad, at most one primary fold/crease","{""width"": 0.169, ""height"": 0.15}","{""top"": ""UP-02-03.bottom"", ""left"": ""UP-03-02.right"", ""right"": ""UP-03-04.left""}",upper + assembly,Existing torso cross-section dimensions only; armhole boundary must be split using canonical micro references.,3×3 to 4×4 control grid; shared edge control IDs and weights before welding.
UP-03-04,L,"one shallow curved quad, at most one primary fold/crease","{""width"": 0.169, ""height"": 0.15}","{""top"": ""UP-02-04.bottom"", ""left"": ""UP-03-03.right"", ""right"": ""UP-03-05.left""}",upper + assembly,Existing torso cross-section dimensions only; armhole boundary must be split using canonical micro references.,3×3 to 4×4 control grid; shared edge control IDs and weights before welding.
UP-03-05,L,"one shallow curved quad, at most one primary fold/crease","{""width"": 0.169, ""height"": 0.15}","{""top"": ""UP-02-05.bottom"", ""left"": ""UP-03-04.right"", ""right"": ""UP-03-06.left""}",upper + assembly,Existing torso cross-section dimensions only; armhole boundary must be split using canonical micro references.,3×3 to 4×4 control grid; shared edge control IDs and weights before welding.
UP-03-06,L,"one shallow curved quad, at most one primary fold/crease","{""width"": 0.169, ""height"": 0.15}","{""top"": ""UP-02-06.bottom"", ""left"": ""UP-03-05.right"", ""right"": ""UP-03-07.left""}",upper + assembly,Existing torso cross-section dimensions only; armhole boundary must be split using canonical micro references.,3×3 to 4×4 control grid; shared edge control IDs and weights before welding.
UP-03-07,L,"one shallow curved quad, at most one primary fold/crease","{""width"": 0.169, ""height"": 0.15}","{""top"": ""UP-02-07.bottom"", ""left"": ""UP-03-06.right"", ""right"": ""UP-03-00.left""}",upper + assembly,Existing torso cross-section dimensions only; armhole boundary must be split using canonical micro references.,3×3 to 4×4 control grid; shared edge control IDs and weights before welding.
SLL-00-00,L,"one shallow curved quad, at most one primary fold/crease","{""width"": 0.13, ""height"": 0.213}","{""bottom"": ""SLL-01-00.top"", ""left"": ""SLL-00-03.right"", ""right"": ""SLL-00-01.left""}",upper + assembly ELBOW90/ARMRAISED,Existing sewn loop IDs may be reused after gap/normal checks; sleeve fullness is not accepted.,3×3 to 4×4 control grid; shared edge control IDs and weights before welding.
SLL-00-01,L,"one shallow curved quad, at most one primary fold/crease","{""width"": 0.13, ""height"": 0.213}","{""bottom"": ""SLL-01-01.top"", ""left"": ""SLL-00-00.right"", ""right"": ""SLL-00-02.left""}",upper + assembly ELBOW90/ARMRAISED,Existing sewn loop IDs may be reused after gap/normal checks; sleeve fullness is not accepted.,3×3 to 4×4 control grid; shared edge control IDs and weights before welding.
SLL-00-02,L,"one shallow curved quad, at most one primary fold/crease","{""width"": 0.13, ""height"": 0.213}","{""bottom"": ""SLL-01-02.top"", ""left"": ""SLL-00-01.right"", ""right"": ""SLL-00-03.left""}",upper + assembly ELBOW90/ARMRAISED,Existing sewn loop IDs may be reused after gap/normal checks; sleeve fullness is not accepted.,3×3 to 4×4 control grid; shared edge control IDs and weights before welding.
SLL-00-03,L,"one shallow curved quad, at most one primary fold/crease","{""width"": 0.13, ""height"": 0.213}","{""bottom"": ""SLL-01-03.top"", ""left"": ""SLL-00-02.right"", ""right"": ""SLL-00-00.left""}",upper + assembly ELBOW90/ARMRAISED,Existing sewn loop IDs may be reused after gap/normal checks; sleeve fullness is not accepted.,3×3 to 4×4 control grid; shared edge control IDs and weights before welding.
SLL-01-00,L,"one shallow curved quad, at most one primary fold/crease","{""width"": 0.13, ""height"": 0.213}","{""top"": ""SLL-00-00.bottom"", ""bottom"": ""SLL-02-00.top"", ""left"": ""SLL-01-03.right"", ""right"": ""SLL-01-01.left""}",upper + assembly ELBOW90/ARMRAISED,Existing sewn loop IDs may be reused after gap/normal checks; sleeve fullness is not accepted.,3×3 to 4×4 control grid; shared edge control IDs and weights before welding.
SLL-01-01,L,"one shallow curved quad, at most one primary fold/crease","{""width"": 0.13, ""height"": 0.213}","{""top"": ""SLL-00-01.bottom"", ""bottom"": ""SLL-02-01.top"", ""left"": ""SLL-01-00.right"", ""right"": ""SLL-01-02.left""}",upper + assembly ELBOW90/ARMRAISED,Existing sewn loop IDs may be reused after gap/normal checks; sleeve fullness is not accepted.,3×3 to 4×4 control grid; shared edge control IDs and weights before welding.
SLL-01-02,L,"one shallow curved quad, at most one primary fold/crease","{""width"": 0.13, ""height"": 0.213}","{""top"": ""SLL-00-02.bottom"", ""bottom"": ""SLL-02-02.top"", ""left"": ""SLL-01-01.right"", ""right"": ""SLL-01-03.left""}",upper + assembly ELBOW90/ARMRAISED,Existing sewn loop IDs may be reused after gap/normal checks; sleeve fullness is not accepted.,3×3 to 4×4 control grid; shared edge control IDs and weights before welding.
SLL-01-03,L,"one shallow curved quad, at most one primary fold/crease","{""width"": 0.13, ""height"": 0.213}","{""top"": ""SLL-00-03.bottom"", ""bottom"": ""SLL-02-03.top"", ""left"": ""SLL-01-02.right"", ""right"": ""SLL-01-00.left""}",upper + assembly ELBOW90/ARMRAISED,Existing sewn loop IDs may be reused after gap/normal checks; sleeve fullness is not accepted.,3×3 to 4×4 control grid; shared edge control IDs and weights before welding.
SLL-02-00,L,"one shallow curved quad, at most one primary fold/crease","{""width"": 0.13, ""height"": 0.213}","{""top"": ""SLL-01-00.bottom"", ""left"": ""SLL-02-03.right"", ""right"": ""SLL-02-01.left""}",upper + assembly ELBOW90/ARMRAISED,Existing sewn loop IDs may be reused after gap/normal checks; sleeve fullness is not accepted.,3×3 to 4×4 control grid; shared edge control IDs and weights before welding.
SLL-02-01,L,"one shallow curved quad, at most one primary fold/crease","{""width"": 0.13, ""height"": 0.213}","{""top"": ""SLL-01-01.bottom"", ""left"": ""SLL-02-00.right"", ""right"": ""SLL-02-02.left""}",upper + assembly ELBOW90/ARMRAISED,Existing sewn loop IDs may be reused after gap/normal checks; sleeve fullness is not accepted.,3×3 to 4×4 control grid; shared edge control IDs and weights before welding.
SLL-02-02,L,"one shallow curved quad, at most one primary fold/crease","{""width"": 0.13, ""height"": 0.213}","{""top"": ""SLL-01-02.bottom"", ""left"": ""SLL-02-01.right"", ""right"": ""SLL-02-03.left""}",upper + assembly ELBOW90/ARMRAISED,Existing sewn loop IDs may be reused after gap/normal checks; sleeve fullness is not accepted.,3×3 to 4×4 control grid; shared edge control IDs and weights before welding.
SLL-02-03,L,"one shallow curved quad, at most one primary fold/crease","{""width"": 0.13, ""height"": 0.213}","{""top"": ""SLL-01-03.bottom"", ""left"": ""SLL-02-02.right"", ""right"": ""SLL-02-00.left""}",upper + assembly ELBOW90/ARMRAISED,Existing sewn loop IDs may be reused after gap/normal checks; sleeve fullness is not accepted.,3×3 to 4×4 control grid; shared edge control IDs and weights before welding.
SLR-00-00,R,"one shallow curved quad, at most one primary fold/crease","{""width"": 0.13, ""height"": 0.213}","{""bottom"": ""SLR-01-00.top"", ""left"": ""SLR-00-03.right"", ""right"": ""SLR-00-01.left""}",upper + assembly ELBOW90/ARMRAISED,Existing sewn loop IDs may be reused after gap/normal checks; sleeve fullness is not accepted.,3×3 to 4×4 control grid; shared edge control IDs and weights before welding.
SLR-00-01,R,"one shallow curved quad, at most one primary fold/crease","{""width"": 0.13, ""height"": 0.213}","{""bottom"": ""SLR-01-01.top"", ""left"": ""SLR-00-00.right"", ""right"": ""SLR-00-02.left""}",upper + assembly ELBOW90/ARMRAISED,Existing sewn loop IDs may be reused after gap/normal checks; sleeve fullness is not accepted.,3×3 to 4×4 control grid; shared edge control IDs and weights before welding.
SLR-00-02,R,"one shallow curved quad, at most one primary fold/crease","{""width"": 0.13, ""height"": 0.213}","{""bottom"": ""SLR-01-02.top"", ""left"": ""SLR-00-01.right"", ""right"": ""SLR-00-03.left""}",upper + assembly ELBOW90/ARMRAISED,Existing sewn loop IDs may be reused after gap/normal checks; sleeve fullness is not accepted.,3×3 to 4×4 control grid; shared edge control IDs and weights before welding.
SLR-00-03,R,"one shallow curved quad, at most one primary fold/crease","{""width"": 0.13, ""height"": 0.213}","{""bottom"": ""SLR-01-03.top"", ""left"": ""SLR-00-02.right"", ""right"": ""SLR-00-00.left""}",upper + assembly ELBOW90/ARMRAISED,Existing sewn loop IDs may be reused after gap/normal checks; sleeve fullness is not accepted.,3×3 to 4×4 control grid; shared edge control IDs and weights before welding.
SLR-01-00,R,"one shallow curved quad, at most one primary fold/crease","{""width"": 0.13, ""height"": 0.213}","{""top"": ""SLR-00-00.bottom"", ""bottom"": ""SLR-02-00.top"", ""left"": ""SLR-01-03.right"", ""right"": ""SLR-01-01.left""}",upper + assembly ELBOW90/ARMRAISED,Existing sewn loop IDs may be reused after gap/normal checks; sleeve fullness is not accepted.,3×3 to 4×4 control grid; shared edge control IDs and weights before welding.
SLR-01-01,R,"one shallow curved quad, at most one primary fold/crease","{""width"": 0.13, ""height"": 0.213}","{""top"": ""SLR-00-01.bottom"", ""bottom"": ""SLR-02-01.top"", ""left"": ""SLR-01-00.right"", ""right"": ""SLR-01-02.left""}",upper + assembly ELBOW90/ARMRAISED,Existing sewn loop IDs may be reused after gap/normal checks; sleeve fullness is not accepted.,3×3 to 4×4 control grid; shared edge control IDs and weights before welding.
SLR-01-02,R,"one shallow curved quad, at most one primary fold/crease","{""width"": 0.13, ""height"": 0.213}","{""top"": ""SLR-00-02.bottom"", ""bottom"": ""SLR-02-02.top"", ""left"": ""SLR-01-01.right"", ""right"": ""SLR-01-03.left""}",upper + assembly ELBOW90/ARMRAISED,Existing sewn loop IDs may be reused after gap/normal checks; sleeve fullness is not accepted.,3×3 to 4×4 control grid; shared edge control IDs and weights before welding.
SLR-01-03,R,"one shallow curved quad, at most one primary fold/crease","{""width"": 0.13, ""height"": 0.213}","{""top"": ""SLR-00-03.bottom"", ""bottom"": ""SLR-02-03.top"", ""left"": ""SLR-01-02.right"", ""right"": ""SLR-01-00.left""}",upper + assembly ELBOW90/ARMRAISED,Existing sewn loop IDs may be reused after gap/normal checks; sleeve fullness is not accepted.,3×3 to 4×4 control grid; shared edge control IDs and weights before welding.
SLR-02-00,R,"one shallow curved quad, at most one primary fold/crease","{""width"": 0.13, ""height"": 0.213}","{""top"": ""SLR-01-00.bottom"", ""left"": ""SLR-02-03.right"", ""right"": ""SLR-02-01.left""}",upper + assembly ELBOW90/ARMRAISED,Existing sewn loop IDs may be reused after gap/normal checks; sleeve fullness is not accepted.,3×3 to 4×4 control grid; shared edge control IDs and weights before welding.
SLR-02-01,R,"one shallow curved quad, at most one primary fold/crease","{""width"": 0.13, ""height"": 0.213}","{""top"": ""SLR-01-01.bottom"", ""left"": ""SLR-02-00.right"", ""right"": ""SLR-02-02.left""}",upper + assembly ELBOW90/ARMRAISED,Existing sewn loop IDs may be reused after gap/normal checks; sleeve fullness is not accepted.,3×3 to 4×4 control grid; shared edge control IDs and weights before welding.
SLR-02-02,R,"one shallow curved quad, at most one primary fold/crease","{""width"": 0.13, ""height"": 0.213}","{""top"": ""SLR-01-02.bottom"", ""left"": ""SLR-02-01.right"", ""right"": ""SLR-02-03.left""}",upper + assembly ELBOW90/ARMRAISED,Existing sewn loop IDs may be reused after gap/normal checks; sleeve fullness is not accepted.,3×3 to 4×4 control grid; shared edge control IDs and weights before welding.
SLR-02-03,R,"one shallow curved quad, at most one primary fold/crease","{""width"": 0.13, ""height"": 0.213}","{""top"": ""SLR-01-03.bottom"", ""left"": ""SLR-02-02.right"", ""right"": ""SLR-02-00.left""}",upper + assembly ELBOW90/ARMRAISED,Existing sewn loop IDs may be reused after gap/normal checks; sleeve fullness is not accepted.,3×3 to 4×4 control grid; shared edge control IDs and weights before welding.
COL-00-00,R,"one shallow curved quad, at most one primary fold/crease","{""width"": 0.07, ""height"": 0.082}","{""left"": ""COL-00-07.right"", ""right"": ""COL-00-01.left""}",assembly neckline,Candidate neck opening and base rig dimensions may be reused; small collar arc surface needs micro reference.,3×3 to 4×4 control grid; shared edge control IDs and weights before welding.
COL-00-01,R,"one shallow curved quad, at most one primary fold/crease","{""width"": 0.07, ""height"": 0.082}","{""left"": ""COL-00-00.right"", ""right"": ""COL-00-02.left""}",assembly neckline,Candidate neck opening and base rig dimensions may be reused; small collar arc surface needs micro reference.,3×3 to 4×4 control grid; shared edge control IDs and weights before welding.
COL-00-02,R,"one shallow curved quad, at most one primary fold/crease","{""width"": 0.07, ""height"": 0.082}","{""left"": ""COL-00-01.right"", ""right"": ""COL-00-03.left""}",assembly neckline,Candidate neck opening and base rig dimensions may be reused; small collar arc surface needs micro reference.,3×3 to 4×4 control grid; shared edge control IDs and weights before welding.
COL-00-03,R,"one shallow curved quad, at most one primary fold/crease","{""width"": 0.07, ""height"": 0.082}","{""left"": ""COL-00-02.right"", ""right"": ""COL-00-04.left""}",assembly neckline,Candidate neck opening and base rig dimensions may be reused; small collar arc surface needs micro reference.,3×3 to 4×4 control grid; shared edge control IDs and weights before welding.
COL-00-04,L,"one shallow curved quad, at most one primary fold/crease","{""width"": 0.07, ""height"": 0.082}","{""left"": ""COL-00-03.right"", ""right"": ""COL-00-05.left""}",assembly neckline,Candidate neck opening and base rig dimensions may be reused; small collar arc surface needs micro reference.,3×3 to 4×4 control grid; shared edge control IDs and weights before welding.
COL-00-05,L,"one shallow curved quad, at most one primary fold/crease","{""width"": 0.07, ""height"": 0.082}","{""left"": ""COL-00-04.right"", ""right"": ""COL-00-06.left""}",assembly neckline,Candidate neck opening and base rig dimensions may be reused; small collar arc surface needs micro reference.,3×3 to 4×4 control grid; shared edge control IDs and weights before welding.
COL-00-06,L,"one shallow curved quad, at most one primary fold/crease","{""width"": 0.07, ""height"": 0.082}","{""left"": ""COL-00-05.right"", ""right"": ""COL-00-07.left""}",assembly neckline,Candidate neck opening and base rig dimensions may be reused; small collar arc surface needs micro reference.,3×3 to 4×4 control grid; shared edge control IDs and weights before welding.
COL-00-07,L,"one shallow curved quad, at most one primary fold/crease","{""width"": 0.07, ""height"": 0.082}","{""left"": ""COL-00-06.right"", ""right"": ""COL-00-00.left""}",assembly neckline,Candidate neck opening and base rig dimensions may be reused; small collar arc surface needs micro reference.,3×3 to 4×4 control grid; shared edge control IDs and weights before welding.
COW-00-00,R,"one shallow curved quad, at most one primary fold/crease","{""width"": 0.175, ""height"": 0.068}","{""bottom"": ""COW-01-00.top"", ""left"": ""COW-00-07.right"", ""right"": ""COW-00-01.left""}",assembly neckline + cape-v2,"Candidate cowl folds/contacts failed; retain only inner neck interface, redraw each fold strip from new references.",3×3 to 4×4 control grid; shared edge control IDs and weights before welding.
COW-00-01,R,"one shallow curved quad, at most one primary fold/crease","{""width"": 0.175, ""height"": 0.068}","{""bottom"": ""COW-01-01.top"", ""left"": ""COW-00-00.right"", ""right"": ""COW-00-02.left""}",assembly neckline + cape-v2,"Candidate cowl folds/contacts failed; retain only inner neck interface, redraw each fold strip from new references.",3×3 to 4×4 control grid; shared edge control IDs and weights before welding.
COW-00-02,R,"one shallow curved quad, at most one primary fold/crease","{""width"": 0.175, ""height"": 0.068}","{""bottom"": ""COW-01-02.top"", ""left"": ""COW-00-01.right"", ""right"": ""COW-00-03.left""}",assembly neckline + cape-v2,"Candidate cowl folds/contacts failed; retain only inner neck interface, redraw each fold strip from new references.",3×3 to 4×4 control grid; shared edge control IDs and weights before welding.
COW-00-03,R,"one shallow curved quad, at most one primary fold/crease","{""width"": 0.175, ""height"": 0.068}","{""bottom"": ""COW-01-03.top"", ""left"": ""COW-00-02.right"", ""right"": ""COW-00-04.left""}",assembly neckline + cape-v2,"Candidate cowl folds/contacts failed; retain only inner neck interface, redraw each fold strip from new references.",3×3 to 4×4 control grid; shared edge control IDs and weights before welding.
COW-00-04,L,"one shallow curved quad, at most one primary fold/crease","{""width"": 0.175, ""height"": 0.068}","{""bottom"": ""COW-01-04.top"", ""left"": ""COW-00-03.right"", ""right"": ""COW-00-05.left""}",assembly neckline + cape-v2,"Candidate cowl folds/contacts failed; retain only inner neck interface, redraw each fold strip from new references.",3×3 to 4×4 control grid; shared edge control IDs and weights before welding.
COW-00-05,L,"one shallow curved quad, at most one primary fold/crease","{""width"": 0.175, ""height"": 0.068}","{""bottom"": ""COW-01-05.top"", ""left"": ""COW-00-04.right"", ""right"": ""COW-00-06.left""}",assembly neckline + cape-v2,"Candidate cowl folds/contacts failed; retain only inner neck interface, redraw each fold strip from new references.",3×3 to 4×4 control grid; shared edge control IDs and weights before welding.
COW-00-06,L,"one shallow curved quad, at most one primary fold/crease","{""width"": 0.175, ""height"": 0.068}","{""bottom"": ""COW-01-06.top"", ""left"": ""COW-00-05.right"", ""right"": ""COW-00-07.left""}",assembly neckline + cape-v2,"Candidate cowl folds/contacts failed; retain only inner neck interface, redraw each fold strip from new references.",3×3 to 4×4 control grid; shared edge control IDs and weights before welding.
COW-00-07,L,"one shallow curved quad, at most one primary fold/crease","{""width"": 0.175, ""height"": 0.068}","{""bottom"": ""COW-01-07.top"", ""left"": ""COW-00-06.right"", ""right"": ""COW-00-00.left""}",assembly neckline + cape-v2,"Candidate cowl folds/contacts failed; retain only inner neck interface, redraw each fold strip from new references.",3×3 to 4×4 control grid; shared edge control IDs and weights before welding.
COW-01-00,R,"one shallow curved quad, at most one primary fold/crease","{""width"": 0.175, ""height"": 0.068}","{""top"": ""COW-00-00.bottom"", ""bottom"": ""COW-02-00.top"", ""left"": ""COW-01-07.right"", ""right"": ""COW-01-01.left""}",assembly neckline + cape-v2,"Candidate cowl folds/contacts failed; retain only inner neck interface, redraw each fold strip from new references.",3×3 to 4×4 control grid; shared edge control IDs and weights before welding.
COW-01-01,R,"one shallow curved quad, at most one primary fold/crease","{""width"": 0.175, ""height"": 0.068}","{""top"": ""COW-00-01.bottom"", ""bottom"": ""COW-02-01.top"", ""left"": ""COW-01-00.right"", ""right"": ""COW-01-02.left""}",assembly neckline + cape-v2,"Candidate cowl folds/contacts failed; retain only inner neck interface, redraw each fold strip from new references.",3×3 to 4×4 control grid; shared edge control IDs and weights before welding.
COW-01-02,R,"one shallow curved quad, at most one primary fold/crease","{""width"": 0.175, ""height"": 0.068}","{""top"": ""COW-00-02.bottom"", ""bottom"": ""COW-02-02.top"", ""left"": ""COW-01-01.right"", ""right"": ""COW-01-03.left""}",assembly neckline + cape-v2,"Candidate cowl folds/contacts failed; retain only inner neck interface, redraw each fold strip from new references.",3×3 to 4×4 control grid; shared edge control IDs and weights before welding.
COW-01-03,R,"one shallow curved quad, at most one primary fold/crease","{""width"": 0.175, ""height"": 0.068}","{""top"": ""COW-00-03.bottom"", ""bottom"": ""COW-02-03.top"", ""left"": ""COW-01-02.right"", ""right"": ""COW-01-04.left""}",assembly neckline + cape-v2,"Candidate cowl folds/contacts failed; retain only inner neck interface, redraw each fold strip from new references.",3×3 to 4×4 control grid; shared edge control IDs and weights before welding.
COW-01-04,L,"one shallow curved quad, at most one primary fold/crease","{""width"": 0.175, ""height"": 0.068}","{""top"": ""COW-00-04.bottom"", ""bottom"": ""COW-02-04.top"", ""left"": ""COW-01-03.right"", ""right"": ""COW-01-05.left""}",assembly neckline + cape-v2,"Candidate cowl folds/contacts failed; retain only inner neck interface, redraw each fold strip from new references.",3×3 to 4×4 control grid; shared edge control IDs and weights before welding.
COW-01-05,L,"one shallow curved quad, at most one primary fold/crease","{""width"": 0.175, ""height"": 0.068}","{""top"": ""COW-00-05.bottom"", ""bottom"": ""COW-02-05.top"", ""left"": ""COW-01-04.right"", ""right"": ""COW-01-06.left""}",assembly neckline + cape-v2,"Candidate cowl folds/contacts failed; retain only inner neck interface, redraw each fold strip from new references.",3×3 to 4×4 control grid; shared edge control IDs and weights before welding.
COW-01-06,L,"one shallow curved quad, at most one primary fold/crease","{""width"": 0.175, ""height"": 0.068}","{""top"": ""COW-00-06.bottom"", ""bottom"": ""COW-02-06.top"", ""left"": ""COW-01-05.right"", ""right"": ""COW-01-07.left""}",assembly neckline + cape-v2,"Candidate cowl folds/contacts failed; retain only inner neck interface, redraw each fold strip from new references.",3×3 to 4×4 control grid; shared edge control IDs and weights before welding.
COW-01-07,L,"one shallow curved quad, at most one primary fold/crease","{""width"": 0.175, ""height"": 0.068}","{""top"": ""COW-00-07.bottom"", ""bottom"": ""COW-02-07.top"", ""left"": ""COW-01-06.right"", ""right"": ""COW-01-00.left""}",assembly neckline + cape-v2,"Candidate cowl folds/contacts failed; retain only inner neck interface, redraw each fold strip from new references.",3×3 to 4×4 control grid; shared edge control IDs and weights before welding.
COW-02-00,R,"one shallow curved quad, at most one primary fold/crease","{""width"": 0.175, ""height"": 0.068}","{""top"": ""COW-01-00.bottom"", ""bottom"": ""COW-03-00.top"", ""left"": ""COW-02-07.right"", ""right"": ""COW-02-01.left""}",assembly neckline + cape-v2,"Candidate cowl folds/contacts failed; retain only inner neck interface, redraw each fold strip from new references.",3×3 to 4×4 control grid; shared edge control IDs and weights before welding.
COW-02-01,R,"one shallow curved quad, at most one primary fold/crease","{""width"": 0.175, ""height"": 0.068}","{""top"": ""COW-01-01.bottom"", ""bottom"": ""COW-03-01.top"", ""left"": ""COW-02-00.right"", ""right"": ""COW-02-02.left""}",assembly neckline + cape-v2,"Candidate cowl folds/contacts failed; retain only inner neck interface, redraw each fold strip from new references.",3×3 to 4×4 control grid; shared edge control IDs and weights before welding.
COW-02-02,R,"one shallow curved quad, at most one primary fold/crease","{""width"": 0.175, ""height"": 0.068}","{""top"": ""COW-01-02.bottom"", ""bottom"": ""COW-03-02.top"", ""left"": ""COW-02-01.right"", ""right"": ""COW-02-03.left""}",assembly neckline + cape-v2,"Candidate cowl folds/contacts failed; retain only inner neck interface, redraw each fold strip from new references.",3×3 to 4×4 control grid; shared edge control IDs and weights before welding.
COW-02-03,R,"one shallow curved quad, at most one primary fold/crease","{""width"": 0.175, ""height"": 0.068}","{""top"": ""COW-01-03.bottom"", ""bottom"": ""COW-03-03.top"", ""left"": ""COW-02-02.right"", ""right"": ""COW-02-04.left""}",assembly neckline + cape-v2,"Candidate cowl folds/contacts failed; retain only inner neck interface, redraw each fold strip from new references.",3×3 to 4×4 control grid; shared edge control IDs and weights before welding.
COW-02-04,L,"one shallow curved quad, at most one primary fold/crease","{""width"": 0.175, ""height"": 0.068}","{""top"": ""COW-01-04.bottom"", ""bottom"": ""COW-03-04.top"", ""left"": ""COW-02-03.right"", ""right"": ""COW-02-05.left""}",assembly neckline + cape-v2,"Candidate cowl folds/contacts failed; retain only inner neck interface, redraw each fold strip from new references.",3×3 to 4×4 control grid; shared edge control IDs and weights before welding.
COW-02-05,L,"one shallow curved quad, at most one primary fold/crease","{""width"": 0.175, ""height"": 0.068}","{""top"": ""COW-01-05.bottom"", ""bottom"": ""COW-03-05.top"", ""left"": ""COW-02-04.right"", ""right"": ""COW-02-06.left""}",assembly neckline + cape-v2,"Candidate cowl folds/contacts failed; retain only inner neck interface, redraw each fold strip from new references.",3×3 to 4×4 control grid; shared edge control IDs and weights before welding.
COW-02-06,L,"one shallow curved quad, at most one primary fold/crease","{""width"": 0.175, ""height"": 0.068}","{""top"": ""COW-01-06.bottom"", ""bottom"": ""COW-03-06.top"", ""left"": ""COW-02-05.right"", ""right"": ""COW-02-07.left""}",assembly neckline + cape-v2,"Candidate cowl folds/contacts failed; retain only inner neck interface, redraw each fold strip from new references.",3×3 to 4×4 control grid; shared edge control IDs and weights before welding.
COW-02-07,L,"one shallow curved quad, at most one primary fold/crease","{""width"": 0.175, ""height"": 0.068}","{""top"": ""COW-01-07.bottom"", ""bottom"": ""COW-03-07.top"", ""left"": ""COW-02-06.right"", ""right"": ""COW-02-00.left""}",assembly neckline + cape-v2,"Candidate cowl folds/contacts failed; retain only inner neck interface, redraw each fold strip from new references.",3×3 to 4×4 control grid; shared edge control IDs and weights before welding.
COW-03-00,R,"one shallow curved quad, at most one primary fold/crease","{""width"": 0.175, ""height"": 0.068}","{""top"": ""COW-02-00.bottom"", ""bottom"": ""COW-04-00.top"", ""left"": ""COW-03-07.right"", ""right"": ""COW-03-01.left""}",assembly neckline + cape-v2,"Candidate cowl folds/contacts failed; retain only inner neck interface, redraw each fold strip from new references.",3×3 to 4×4 control grid; shared edge control IDs and weights before welding.
COW-03-01,R,"one shallow curved quad, at most one primary fold/crease","{""width"": 0.175, ""height"": 0.068}","{""top"": ""COW-02-01.bottom"", ""bottom"": ""COW-04-01.top"", ""left"": ""COW-03-00.right"", ""right"": ""COW-03-02.left""}",assembly neckline + cape-v2,"Candidate cowl folds/contacts failed; retain only inner neck interface, redraw each fold strip from new references.",3×3 to 4×4 control grid; shared edge control IDs and weights before welding.
COW-03-02,R,"one shallow curved quad, at most one primary fold/crease","{""width"": 0.175, ""height"": 0.068}","{""top"": ""COW-02-02.bottom"", ""bottom"": ""COW-04-02.top"", ""left"": ""COW-03-01.right"", ""right"": ""COW-03-03.left""}",assembly neckline + cape-v2,"Candidate cowl folds/contacts failed; retain only inner neck interface, redraw each fold strip from new references.",3×3 to 4×4 control grid; shared edge control IDs and weights before welding.
COW-03-03,R,"one shallow curved quad, at most one primary fold/crease","{""width"": 0.175, ""height"": 0.068}","{""top"": ""COW-02-03.bottom"", ""bottom"": ""COW-04-03.top"", ""left"": ""COW-03-02.right"", ""right"": ""COW-03-04.left""}",assembly neckline + cape-v2,"Candidate cowl folds/contacts failed; retain only inner neck interface, redraw each fold strip from new references.",3×3 to 4×4 control grid; shared edge control IDs and weights before welding.
COW-03-04,L,"one shallow curved quad, at most one primary fold/crease","{""width"": 0.175, ""height"": 0.068}","{""top"": ""COW-02-04.bottom"", ""bottom"": ""COW-04-04.top"", ""left"": ""COW-03-03.right"", ""right"": ""COW-03-05.left""}",assembly neckline + cape-v2,"Candidate cowl folds/contacts failed; retain only inner neck interface, redraw each fold strip from new references.",3×3 to 4×4 control grid; shared edge control IDs and weights before welding.
COW-03-05,L,"one shallow curved quad, at most one primary fold/crease","{""width"": 0.175, ""height"": 0.068}","{""top"": ""COW-02-05.bottom"", ""bottom"": ""COW-04-05.top"", ""left"": ""COW-03-04.right"", ""right"": ""COW-03-06.left""}",assembly neckline + cape-v2,"Candidate cowl folds/contacts failed; retain only inner neck interface, redraw each fold strip from new references.",3×3 to 4×4 control grid; shared edge control IDs and weights before welding.
COW-03-06,L,"one shallow curved quad, at most one primary fold/crease","{""width"": 0.175, ""height"": 0.068}","{""top"": ""COW-02-06.bottom"", ""bottom"": ""COW-04-06.top"", ""left"": ""COW-03-05.right"", ""right"": ""COW-03-07.left""}",assembly neckline + cape-v2,"Candidate cowl folds/contacts failed; retain only inner neck interface, redraw each fold strip from new references.",3×3 to 4×4 control grid; shared edge control IDs and weights before welding.
COW-03-07,L,"one shallow curved quad, at most one primary fold/crease","{""width"": 0.175, ""height"": 0.068}","{""top"": ""COW-02-07.bottom"", ""bottom"": ""COW-04-07.top"", ""left"": ""COW-03-06.right"", ""right"": ""COW-03-00.left""}",assembly neckline + cape-v2,"Candidate cowl folds/contacts failed; retain only inner neck interface, redraw each fold strip from new references.",3×3 to 4×4 control grid; shared edge control IDs and weights before welding.
COW-04-00,R,"one shallow curved quad, at most one primary fold/crease","{""width"": 0.175, ""height"": 0.068}","{""top"": ""COW-03-00.bottom"", ""left"": ""COW-04-07.right"", ""right"": ""COW-04-01.left""}",assembly neckline + cape-v2,"Candidate cowl folds/contacts failed; retain only inner neck interface, redraw each fold strip from new references.",3×3 to 4×4 control grid; shared edge control IDs and weights before welding.
COW-04-01,R,"one shallow curved quad, at most one primary fold/crease","{""width"": 0.175, ""height"": 0.068}","{""top"": ""COW-03-01.bottom"", ""left"": ""COW-04-00.right"", ""right"": ""COW-04-02.left""}",assembly neckline + cape-v2,"Candidate cowl folds/contacts failed; retain only inner neck interface, redraw each fold strip from new references.",3×3 to 4×4 control grid; shared edge control IDs and weights before welding.
COW-04-02,R,"one shallow curved quad, at most one primary fold/crease","{""width"": 0.175, ""height"": 0.068}","{""top"": ""COW-03-02.bottom"", ""left"": ""COW-04-01.right"", ""right"": ""COW-04-03.left""}",assembly neckline + cape-v2,"Candidate cowl folds/contacts failed; retain only inner neck interface, redraw each fold strip from new references.",3×3 to 4×4 control grid; shared edge control IDs and weights before welding.
COW-04-03,R,"one shallow curved quad, at most one primary fold/crease","{""width"": 0.175, ""height"": 0.068}","{""top"": ""COW-03-03.bottom"", ""left"": ""COW-04-02.right"", ""right"": ""COW-04-04.left""}",assembly neckline + cape-v2,"Candidate cowl folds/contacts failed; retain only inner neck interface, redraw each fold strip from new references.",3×3 to 4×4 control grid; shared edge control IDs and weights before welding.
COW-04-04,L,"one shallow curved quad, at most one primary fold/crease","{""width"": 0.175, ""height"": 0.068}","{""top"": ""COW-03-04.bottom"", ""left"": ""COW-04-03.right"", ""right"": ""COW-04-05.left""}",assembly neckline + cape-v2,"Candidate cowl folds/contacts failed; retain only inner neck interface, redraw each fold strip from new references.",3×3 to 4×4 control grid; shared edge control IDs and weights before welding.
COW-04-05,L,"one shallow curved quad, at most one primary fold/crease","{""width"": 0.175, ""height"": 0.068}","{""top"": ""COW-03-05.bottom"", ""left"": ""COW-04-04.right"", ""right"": ""COW-04-06.left""}",assembly neckline + cape-v2,"Candidate cowl folds/contacts failed; retain only inner neck interface, redraw each fold strip from new references.",3×3 to 4×4 control grid; shared edge control IDs and weights before welding.
COW-04-06,L,"one shallow curved quad, at most one primary fold/crease","{""width"": 0.175, ""height"": 0.068}","{""top"": ""COW-03-06.bottom"", ""left"": ""COW-04-05.right"", ""right"": ""COW-04-07.left""}",assembly neckline + cape-v2,"Candidate cowl folds/contacts failed; retain only inner neck interface, redraw each fold strip from new references.",3×3 to 4×4 control grid; shared edge control IDs and weights before welding.
COW-04-07,L,"one shallow curved quad, at most one primary fold/crease","{""width"": 0.175, ""height"": 0.068}","{""top"": ""COW-03-07.bottom"", ""left"": ""COW-04-06.right"", ""right"": ""COW-04-00.left""}",assembly neckline + cape-v2,"Candidate cowl folds/contacts failed; retain only inner neck interface, redraw each fold strip from new references.",3×3 to 4×4 control grid; shared edge control IDs and weights before welding.
LOW-00-00,R,"one shallow curved quad, at most one primary fold/crease","{""width"": 0.219, ""height"": 0.168}","{""bottom"": ""LOW-01-00.top"", ""right"": ""LOW-00-01.left""}",lower FRONT/BACK + assembly waist,Candidate split and waist dimensions only; cloth/trouser clearance not accepted.,3×3 to 4×4 control grid; no whole sleeve/torso/cape in one part. Open edges stay unjoined.
LOW-00-01,R,"one shallow curved quad, at most one primary fold/crease","{""width"": 0.219, ""height"": 0.168}","{""bottom"": ""LOW-01-01.top"", ""left"": ""LOW-00-00.right"", ""right"": ""LOW-00-02.left""}",lower FRONT/BACK + assembly waist,Candidate split and waist dimensions only; cloth/trouser clearance not accepted.,3×3 to 4×4 control grid; no whole sleeve/torso/cape in one part. Open edges stay unjoined.
LOW-00-02,R,"one shallow curved quad, at most one primary fold/crease","{""width"": 0.219, ""height"": 0.168}","{""bottom"": ""LOW-01-02.top"", ""left"": ""LOW-00-01.right"", ""right"": ""LOW-00-03.left""}",lower FRONT/BACK + assembly waist,Candidate split and waist dimensions only; cloth/trouser clearance not accepted.,3×3 to 4×4 control grid; no whole sleeve/torso/cape in one part. Open edges stay unjoined.
LOW-00-03,R,"one shallow curved quad, at most one primary fold/crease","{""width"": 0.219, ""height"": 0.168}","{""bottom"": ""LOW-01-03.top"", ""left"": ""LOW-00-02.right"", ""right"": ""LOW-00-04.left""}",lower FRONT/BACK + assembly waist,Candidate split and waist dimensions only; cloth/trouser clearance not accepted.,3×3 to 4×4 control grid; no whole sleeve/torso/cape in one part. Open edges stay unjoined.
LOW-00-04,L,"one shallow curved quad, at most one primary fold/crease","{""width"": 0.219, ""height"": 0.168}","{""bottom"": ""LOW-01-04.top"", ""left"": ""LOW-00-03.right"", ""right"": ""LOW-00-05.left""}",lower FRONT/BACK + assembly waist,Candidate split and waist dimensions only; cloth/trouser clearance not accepted.,3×3 to 4×4 control grid; no whole sleeve/torso/cape in one part. Open edges stay unjoined.
LOW-00-05,L,"one shallow curved quad, at most one primary fold/crease","{""width"": 0.219, ""height"": 0.168}","{""bottom"": ""LOW-01-05.top"", ""left"": ""LOW-00-04.right"", ""right"": ""LOW-00-06.left""}",lower FRONT/BACK + assembly waist,Candidate split and waist dimensions only; cloth/trouser clearance not accepted.,3×3 to 4×4 control grid; no whole sleeve/torso/cape in one part. Open edges stay unjoined.
LOW-00-06,L,"one shallow curved quad, at most one primary fold/crease","{""width"": 0.219, ""height"": 0.168}","{""bottom"": ""LOW-01-06.top"", ""left"": ""LOW-00-05.right"", ""right"": ""LOW-00-07.left""}",lower FRONT/BACK + assembly waist,Candidate split and waist dimensions only; cloth/trouser clearance not accepted.,3×3 to 4×4 control grid; no whole sleeve/torso/cape in one part. Open edges stay unjoined.
LOW-00-07,L,"one shallow curved quad, at most one primary fold/crease","{""width"": 0.219, ""height"": 0.168}","{""bottom"": ""LOW-01-07.top"", ""left"": ""LOW-00-06.right""}",lower FRONT/BACK + assembly waist,Candidate split and waist dimensions only; cloth/trouser clearance not accepted.,3×3 to 4×4 control grid; no whole sleeve/torso/cape in one part. Open edges stay unjoined.
LOW-01-00,R,"one shallow curved quad, at most one primary fold/crease","{""width"": 0.219, ""height"": 0.168}","{""top"": ""LOW-00-00.bottom"", ""bottom"": ""LOW-02-00.top"", ""right"": ""LOW-01-01.left""}",lower FRONT/BACK + assembly waist,Candidate split and waist dimensions only; cloth/trouser clearance not accepted.,3×3 to 4×4 control grid; no whole sleeve/torso/cape in one part. Open edges stay unjoined.
LOW-01-01,R,"one shallow curved quad, at most one primary fold/crease","{""width"": 0.219, ""height"": 0.168}","{""top"": ""LOW-00-01.bottom"", ""bottom"": ""LOW-02-01.top"", ""left"": ""LOW-01-00.right"", ""right"": ""LOW-01-02.left""}",lower FRONT/BACK + assembly waist,Candidate split and waist dimensions only; cloth/trouser clearance not accepted.,3×3 to 4×4 control grid; no whole sleeve/torso/cape in one part. Open edges stay unjoined.
LOW-01-02,R,"one shallow curved quad, at most one primary fold/crease","{""width"": 0.219, ""height"": 0.168}","{""top"": ""LOW-00-02.bottom"", ""bottom"": ""LOW-02-02.top"", ""left"": ""LOW-01-01.right"", ""right"": ""LOW-01-03.left""}",lower FRONT/BACK + assembly waist,Candidate split and waist dimensions only; cloth/trouser clearance not accepted.,3×3 to 4×4 control grid; no whole sleeve/torso/cape in one part. Open edges stay unjoined.
LOW-01-03,R,"one shallow curved quad, at most one primary fold/crease","{""width"": 0.219, ""height"": 0.168}","{""top"": ""LOW-00-03.bottom"", ""bottom"": ""LOW-02-03.top"", ""left"": ""LOW-01-02.right"", ""right"": ""LOW-01-04.left""}",lower FRONT/BACK + assembly waist,Candidate split and waist dimensions only; cloth/trouser clearance not accepted.,3×3 to 4×4 control grid; no whole sleeve/torso/cape in one part. Open edges stay unjoined.
LOW-01-04,L,"one shallow curved quad, at most one primary fold/crease","{""width"": 0.219, ""height"": 0.168}","{""top"": ""LOW-00-04.bottom"", ""bottom"": ""LOW-02-04.top"", ""left"": ""LOW-01-03.right"", ""right"": ""LOW-01-05.left""}",lower FRONT/BACK + assembly waist,Candidate split and waist dimensions only; cloth/trouser clearance not accepted.,3×3 to 4×4 control grid; no whole sleeve/torso/cape in one part. Open edges stay unjoined.
LOW-01-05,L,"one shallow curved quad, at most one primary fold/crease","{""width"": 0.219, ""height"": 0.168}","{""top"": ""LOW-00-05.bottom"", ""bottom"": ""LOW-02-05.top"", ""left"": ""LOW-01-04.right"", ""right"": ""LOW-01-06.left""}",lower FRONT/BACK + assembly waist,Candidate split and waist dimensions only; cloth/trouser clearance not accepted.,3×3 to 4×4 control grid; no whole sleeve/torso/cape in one part. Open edges stay unjoined.
LOW-01-06,L,"one shallow curved quad, at most one primary fold/crease","{""width"": 0.219, ""height"": 0.168}","{""top"": ""LOW-00-06.bottom"", ""bottom"": ""LOW-02-06.top"", ""left"": ""LOW-01-05.right"", ""right"": ""LOW-01-07.left""}",lower FRONT/BACK + assembly waist,Candidate split and waist dimensions only; cloth/trouser clearance not accepted.,3×3 to 4×4 control grid; no whole sleeve/torso/cape in one part. Open edges stay unjoined.
LOW-01-07,L,"one shallow curved quad, at most one primary fold/crease","{""width"": 0.219, ""height"": 0.168}","{""top"": ""LOW-00-07.bottom"", ""bottom"": ""LOW-02-07.top"", ""left"": ""LOW-01-06.right""}",lower FRONT/BACK + assembly waist,Candidate split and waist dimensions only; cloth/trouser clearance not accepted.,3×3 to 4×4 control grid; no whole sleeve/torso/cape in one part. Open edges stay unjoined.
LOW-02-00,R,"one shallow curved quad, at most one primary fold/crease","{""width"": 0.219, ""height"": 0.168}","{""top"": ""LOW-01-00.bottom"", ""right"": ""LOW-02-01.left""}",lower FRONT/BACK + assembly waist,Candidate split and waist dimensions only; cloth/trouser clearance not accepted.,3×3 to 4×4 control grid; no whole sleeve/torso/cape in one part. Open edges stay unjoined.
LOW-02-01,R,"one shallow curved quad, at most one primary fold/crease","{""width"": 0.219, ""height"": 0.168}","{""top"": ""LOW-01-01.bottom"", ""left"": ""LOW-02-00.right"", ""right"": ""LOW-02-02.left""}",lower FRONT/BACK + assembly waist,Candidate split and waist dimensions only; cloth/trouser clearance not accepted.,3×3 to 4×4 control grid; no whole sleeve/torso/cape in one part. Open edges stay unjoined.
LOW-02-02,R,"one shallow curved quad, at most one primary fold/crease","{""width"": 0.219, ""height"": 0.168}","{""top"": ""LOW-01-02.bottom"", ""left"": ""LOW-02-01.right"", ""right"": ""LOW-02-03.left""}",lower FRONT/BACK + assembly waist,Candidate split and waist dimensions only; cloth/trouser clearance not accepted.,3×3 to 4×4 control grid; no whole sleeve/torso/cape in one part. Open edges stay unjoined.
LOW-02-03,R,"one shallow curved quad, at most one primary fold/crease","{""width"": 0.219, ""height"": 0.168}","{""top"": ""LOW-01-03.bottom"", ""left"": ""LOW-02-02.right"", ""right"": ""LOW-02-04.left""}",lower FRONT/BACK + assembly waist,Candidate split and waist dimensions only; cloth/trouser clearance not accepted.,3×3 to 4×4 control grid; no whole sleeve/torso/cape in one part. Open edges stay unjoined.
LOW-02-04,L,"one shallow curved quad, at most one primary fold/crease","{""width"": 0.219, ""height"": 0.168}","{""top"": ""LOW-01-04.bottom"", ""left"": ""LOW-02-03.right"", ""right"": ""LOW-02-05.left""}",lower FRONT/BACK + assembly waist,Candidate split and waist dimensions only; cloth/trouser clearance not accepted.,3×3 to 4×4 control grid; no whole sleeve/torso/cape in one part. Open edges stay unjoined.
LOW-02-05,L,"one shallow curved quad, at most one primary fold/crease","{""width"": 0.219, ""height"": 0.168}","{""top"": ""LOW-01-05.bottom"", ""left"": ""LOW-02-04.right"", ""right"": ""LOW-02-06.left""}",lower FRONT/BACK + assembly waist,Candidate split and waist dimensions only; cloth/trouser clearance not accepted.,3×3 to 4×4 control grid; no whole sleeve/torso/cape in one part. Open edges stay unjoined.
LOW-02-06,L,"one shallow curved quad, at most one primary fold/crease","{""width"": 0.219, ""height"": 0.168}","{""top"": ""LOW-01-06.bottom"", ""left"": ""LOW-02-05.right"", ""right"": ""LOW-02-07.left""}",lower FRONT/BACK + assembly waist,Candidate split and waist dimensions only; cloth/trouser clearance not accepted.,3×3 to 4×4 control grid; no whole sleeve/torso/cape in one part. Open edges stay unjoined.
LOW-02-07,L,"one shallow curved quad, at most one primary fold/crease","{""width"": 0.219, ""height"": 0.168}","{""top"": ""LOW-01-07.bottom"", ""left"": ""LOW-02-06.right""}",lower FRONT/BACK + assembly waist,Candidate split and waist dimensions only; cloth/trouser clearance not accepted.,3×3 to 4×4 control grid; no whole sleeve/torso/cape in one part. Open edges stay unjoined.
CAP-00-00,R,"one shallow curved quad, at most one primary fold/crease","{""width"": 0.231, ""height"": 0.301}","{""bottom"": ""CAP-01-00.top"", ""right"": ""CAP-00-01.left""}",cape-v2 + complete,"Candidate wrap layout as scaffold only; old back-cape deformation fails, so no accepted deformation reuse.",3×3 to 4×4 control grid; no whole sleeve/torso/cape in one part. Open edges stay unjoined.
CAP-00-01,R,"one shallow curved quad, at most one primary fold/crease","{""width"": 0.231, ""height"": 0.301}","{""bottom"": ""CAP-01-01.top"", ""left"": ""CAP-00-00.right"", ""right"": ""CAP-00-02.left""}",cape-v2 + complete,"Candidate wrap layout as scaffold only; old back-cape deformation fails, so no accepted deformation reuse.",3×3 to 4×4 control grid; no whole sleeve/torso/cape in one part. Open edges stay unjoined.
CAP-00-02,R,"one shallow curved quad, at most one primary fold/crease","{""width"": 0.231, ""height"": 0.301}","{""bottom"": ""CAP-01-02.top"", ""left"": ""CAP-00-01.right"", ""right"": ""CAP-00-03.left""}",cape-v2 + complete,"Candidate wrap layout as scaffold only; old back-cape deformation fails, so no accepted deformation reuse.",3×3 to 4×4 control grid; no whole sleeve/torso/cape in one part. Open edges stay unjoined.
CAP-00-03,R,"one shallow curved quad, at most one primary fold/crease","{""width"": 0.231, ""height"": 0.301}","{""bottom"": ""CAP-01-03.top"", ""left"": ""CAP-00-02.right"", ""right"": ""CAP-00-04.left""}",cape-v2 + complete,"Candidate wrap layout as scaffold only; old back-cape deformation fails, so no accepted deformation reuse.",3×3 to 4×4 control grid; no whole sleeve/torso/cape in one part. Open edges stay unjoined.
CAP-00-04,L,"one shallow curved quad, at most one primary fold/crease","{""width"": 0.231, ""height"": 0.301}","{""bottom"": ""CAP-01-04.top"", ""left"": ""CAP-00-03.right"", ""right"": ""CAP-00-05.left""}",cape-v2 + complete,"Candidate wrap layout as scaffold only; old back-cape deformation fails, so no accepted deformation reuse.",3×3 to 4×4 control grid; no whole sleeve/torso/cape in one part. Open edges stay unjoined.
CAP-00-05,L,"one shallow curved quad, at most one primary fold/crease","{""width"": 0.231, ""height"": 0.301}","{""bottom"": ""CAP-01-05.top"", ""left"": ""CAP-00-04.right"", ""right"": ""CAP-00-06.left""}",cape-v2 + complete,"Candidate wrap layout as scaffold only; old back-cape deformation fails, so no accepted deformation reuse.",3×3 to 4×4 control grid; no whole sleeve/torso/cape in one part. Open edges stay unjoined.
CAP-00-06,L,"one shallow curved quad, at most one primary fold/crease","{""width"": 0.231, ""height"": 0.301}","{""bottom"": ""CAP-01-06.top"", ""left"": ""CAP-00-05.right"", ""right"": ""CAP-00-07.left""}",cape-v2 + complete,"Candidate wrap layout as scaffold only; old back-cape deformation fails, so no accepted deformation reuse.",3×3 to 4×4 control grid; no whole sleeve/torso/cape in one part. Open edges stay unjoined.
CAP-00-07,L,"one shallow curved quad, at most one primary fold/crease","{""width"": 0.231, ""height"": 0.301}","{""bottom"": ""CAP-01-07.top"", ""left"": ""CAP-00-06.right""}",cape-v2 + complete,"Candidate wrap layout as scaffold only; old back-cape deformation fails, so no accepted deformation reuse.",3×3 to 4×4 control grid; no whole sleeve/torso/cape in one part. Open edges stay unjoined.
CAP-01-00,R,"one shallow curved quad, at most one primary fold/crease","{""width"": 0.231, ""height"": 0.301}","{""top"": ""CAP-00-00.bottom"", ""bottom"": ""CAP-02-00.top"", ""right"": ""CAP-01-01.left""}",cape-v2 + complete,"Candidate wrap layout as scaffold only; old back-cape deformation fails, so no accepted deformation reuse.",3×3 to 4×4 control grid; no whole sleeve/torso/cape in one part. Open edges stay unjoined.
CAP-01-01,R,"one shallow curved quad, at most one primary fold/crease","{""width"": 0.231, ""height"": 0.301}","{""top"": ""CAP-00-01.bottom"", ""bottom"": ""CAP-02-01.top"", ""left"": ""CAP-01-00.right"", ""right"": ""CAP-01-02.left""}",cape-v2 + complete,"Candidate wrap layout as scaffold only; old back-cape deformation fails, so no accepted deformation reuse.",3×3 to 4×4 control grid; no whole sleeve/torso/cape in one part. Open edges stay unjoined.
CAP-01-02,R,"one shallow curved quad, at most one primary fold/crease","{""width"": 0.231, ""height"": 0.301}","{""top"": ""CAP-00-02.bottom"", ""bottom"": ""CAP-02-02.top"", ""left"": ""CAP-01-01.right"", ""right"": ""CAP-01-03.left""}",cape-v2 + complete,"Candidate wrap layout as scaffold only; old back-cape deformation fails, so no accepted deformation reuse.",3×3 to 4×4 control grid; no whole sleeve/torso/cape in one part. Open edges stay unjoined.
CAP-01-03,R,"one shallow curved quad, at most one primary fold/crease","{""width"": 0.231, ""height"": 0.301}","{""top"": ""CAP-00-03.bottom"", ""bottom"": ""CAP-02-03.top"", ""left"": ""CAP-01-02.right"", ""right"": ""CAP-01-04.left""}",cape-v2 + complete,"Candidate wrap layout as scaffold only; old back-cape deformation fails, so no accepted deformation reuse.",3×3 to 4×4 control grid; no whole sleeve/torso/cape in one part. Open edges stay unjoined.
CAP-01-04,L,"one shallow curved quad, at most one primary fold/crease","{""width"": 0.231, ""height"": 0.301}","{""top"": ""CAP-00-04.bottom"", ""bottom"": ""CAP-02-04.top"", ""left"": ""CAP-01-03.right"", ""right"": ""CAP-01-05.left""}",cape-v2 + complete,"Candidate wrap layout as scaffold only; old back-cape deformation fails, so no accepted deformation reuse.",3×3 to 4×4 control grid; no whole sleeve/torso/cape in one part. Open edges stay unjoined.
CAP-01-05,L,"one shallow curved quad, at most one primary fold/crease","{""width"": 0.231, ""height"": 0.301}","{""top"": ""CAP-00-05.bottom"", ""bottom"": ""CAP-02-05.top"", ""left"": ""CAP-01-04.right"", ""right"": ""CAP-01-06.left""}",cape-v2 + complete,"Candidate wrap layout as scaffold only; old back-cape deformation fails, so no accepted deformation reuse.",3×3 to 4×4 control grid; no whole sleeve/torso/cape in one part. Open edges stay unjoined.
CAP-01-06,L,"one shallow curved quad, at most one primary fold/crease","{""width"": 0.231, ""height"": 0.301}","{""top"": ""CAP-00-06.bottom"", ""bottom"": ""CAP-02-06.top"", ""left"": ""CAP-01-05.right"", ""right"": ""CAP-01-07.left""}",cape-v2 + complete,"Candidate wrap layout as scaffold only; old back-cape deformation fails, so no accepted deformation reuse.",3×3 to 4×4 control grid; no whole sleeve/torso/cape in one part. Open edges stay unjoined.
CAP-01-07,L,"one shallow curved quad, at most one primary fold/crease","{""width"": 0.231, ""height"": 0.301}","{""top"": ""CAP-00-07.bottom"", ""bottom"": ""CAP-02-07.top"", ""left"": ""CAP-01-06.right""}",cape-v2 + complete,"Candidate wrap layout as scaffold only; old back-cape deformation fails, so no accepted deformation reuse.",3×3 to 4×4 control grid; no whole sleeve/torso/cape in one part. Open edges stay unjoined.
CAP-02-00,R,"one shallow curved quad, at most one primary fold/crease","{""width"": 0.231, ""height"": 0.301}","{""top"": ""CAP-01-00.bottom"", ""bottom"": ""CAP-03-00.top"", ""right"": ""CAP-02-01.left""}",cape-v2 + complete,"Candidate wrap layout as scaffold only; old back-cape deformation fails, so no accepted deformation reuse.",3×3 to 4×4 control grid; no whole sleeve/torso/cape in one part. Open edges stay unjoined.
CAP-02-01,R,"one shallow curved quad, at most one primary fold/crease","{""width"": 0.231, ""height"": 0.301}","{""top"": ""CAP-01-01.bottom"", ""bottom"": ""CAP-03-01.top"", ""left"": ""CAP-02-00.right"", ""right"": ""CAP-02-02.left""}",cape-v2 + complete,"Candidate wrap layout as scaffold only; old back-cape deformation fails, so no accepted deformation reuse.",3×3 to 4×4 control grid; no whole sleeve/torso/cape in one part. Open edges stay unjoined.
CAP-02-02,R,"one shallow curved quad, at most one primary fold/crease","{""width"": 0.231, ""height"": 0.301}","{""top"": ""CAP-01-02.bottom"", ""bottom"": ""CAP-03-02.top"", ""left"": ""CAP-02-01.right"", ""right"": ""CAP-02-03.left""}",cape-v2 + complete,"Candidate wrap layout as scaffold only; old back-cape deformation fails, so no accepted deformation reuse.",3×3 to 4×4 control grid; no whole sleeve/torso/cape in one part. Open edges stay unjoined.
CAP-02-03,R,"one shallow curved quad, at most one primary fold/crease","{""width"": 0.231, ""height"": 0.301}","{""top"": ""CAP-01-03.bottom"", ""bottom"": ""CAP-03-03.top"", ""left"": ""CAP-02-02.right"", ""right"": ""CAP-02-04.left""}",cape-v2 + complete,"Candidate wrap layout as scaffold only; old back-cape deformation fails, so no accepted deformation reuse.",3×3 to 4×4 control grid; no whole sleeve/torso/cape in one part. Open edges stay unjoined.
CAP-02-04,L,"one shallow curved quad, at most one primary fold/crease","{""width"": 0.231, ""height"": 0.301}","{""top"": ""CAP-01-04.bottom"", ""bottom"": ""CAP-03-04.top"", ""left"": ""CAP-02-03.right"", ""right"": ""CAP-02-05.left""}",cape-v2 + complete,"Candidate wrap layout as scaffold only; old back-cape deformation fails, so no accepted deformation reuse.",3×3 to 4×4 control grid; no whole sleeve/torso/cape in one part. Open edges stay unjoined.
CAP-02-05,L,"one shallow curved quad, at most one primary fold/crease","{""width"": 0.231, ""height"": 0.301}","{""top"": ""CAP-01-05.bottom"", ""bottom"": ""CAP-03-05.top"", ""left"": ""CAP-02-04.right"", ""right"": ""CAP-02-06.left""}",cape-v2 + complete,"Candidate wrap layout as scaffold only; old back-cape deformation fails, so no accepted deformation reuse.",3×3 to 4×4 control grid; no whole sleeve/torso/cape in one part. Open edges stay unjoined.
CAP-02-06,L,"one shallow curved quad, at most one primary fold/crease","{""width"": 0.231, ""height"": 0.301}","{""top"": ""CAP-01-06.bottom"", ""bottom"": ""CAP-03-06.top"", ""left"": ""CAP-02-05.right"", ""right"": ""CAP-02-07.left""}",cape-v2 + complete,"Candidate wrap layout as scaffold only; old back-cape deformation fails, so no accepted deformation reuse.",3×3 to 4×4 control grid; no whole sleeve/torso/cape in one part. Open edges stay unjoined.
CAP-02-07,L,"one shallow curved quad, at most one primary fold/crease","{""width"": 0.231, ""height"": 0.301}","{""top"": ""CAP-01-07.bottom"", ""bottom"": ""CAP-03-07.top"", ""left"": ""CAP-02-06.right""}",cape-v2 + complete,"Candidate wrap layout as scaffold only; old back-cape deformation fails, so no accepted deformation reuse.",3×3 to 4×4 control grid; no whole sleeve/torso/cape in one part. Open edges stay unjoined.
CAP-03-00,R,"one shallow curved quad, at most one primary fold/crease","{""width"": 0.231, ""height"": 0.301}","{""top"": ""CAP-02-00.bottom"", ""right"": ""CAP-03-01.left""}",cape-v2 + complete,"Candidate wrap layout as scaffold only; old back-cape deformation fails, so no accepted deformation reuse.",3×3 to 4×4 control grid; no whole sleeve/torso/cape in one part. Open edges stay unjoined.
CAP-03-01,R,"one shallow curved quad, at most one primary fold/crease","{""width"": 0.231, ""height"": 0.301}","{""top"": ""CAP-02-01.bottom"", ""left"": ""CAP-03-00.right"", ""right"": ""CAP-03-02.left""}",cape-v2 + complete,"Candidate wrap layout as scaffold only; old back-cape deformation fails, so no accepted deformation reuse.",3×3 to 4×4 control grid; no whole sleeve/torso/cape in one part. Open edges stay unjoined.
CAP-03-02,R,"one shallow curved quad, at most one primary fold/crease","{""width"": 0.231, ""height"": 0.301}","{""top"": ""CAP-02-02.bottom"", ""left"": ""CAP-03-01.right"", ""right"": ""CAP-03-03.left""}",cape-v2 + complete,"Candidate wrap layout as scaffold only; old back-cape deformation fails, so no accepted deformation reuse.",3×3 to 4×4 control grid; no whole sleeve/torso/cape in one part. Open edges stay unjoined.
CAP-03-03,R,"one shallow curved quad, at most one primary fold/crease","{""width"": 0.231, ""height"": 0.301}","{""top"": ""CAP-02-03.bottom"", ""left"": ""CAP-03-02.right"", ""right"": ""CAP-03-04.left""}",cape-v2 + complete,"Candidate wrap layout as scaffold only; old back-cape deformation fails, so no accepted deformation reuse.",3×3 to 4×4 control grid; no whole sleeve/torso/cape in one part. Open edges stay unjoined.
CAP-03-04,L,"one shallow curved quad, at most one primary fold/crease","{""width"": 0.231, ""height"": 0.301}","{""top"": ""CAP-02-04.bottom"", ""left"": ""CAP-03-03.right"", ""right"": ""CAP-03-05.left""}",cape-v2 + complete,"Candidate wrap layout as scaffold only; old back-cape deformation fails, so no accepted deformation reuse.",3×3 to 4×4 control grid; no whole sleeve/torso/cape in one part. Open edges stay unjoined.
CAP-03-05,L,"one shallow curved quad, at most one primary fold/crease","{""width"": 0.231, ""height"": 0.301}","{""top"": ""CAP-02-05.bottom"", ""left"": ""CAP-03-04.right"", ""right"": ""CAP-03-06.left""}",cape-v2 + complete,"Candidate wrap layout as scaffold only; old back-cape deformation fails, so no accepted deformation reuse.",3×3 to 4×4 control grid; no whole sleeve/torso/cape in one part. Open edges stay unjoined.
CAP-03-06,L,"one shallow curved quad, at most one primary fold/crease","{""width"": 0.231, ""height"": 0.301}","{""top"": ""CAP-02-06.bottom"", ""left"": ""CAP-03-05.right"", ""right"": ""CAP-03-07.left""}",cape-v2 + complete,"Candidate wrap layout as scaffold only; old back-cape deformation fails, so no accepted deformation reuse.",3×3 to 4×4 control grid; no whole sleeve/torso/cape in one part. Open edges stay unjoined.
CAP-03-07,L,"one shallow curved quad, at most one primary fold/crease","{""width"": 0.231, ""height"": 0.301}","{""top"": ""CAP-02-07.bottom"", ""left"": ""CAP-03-06.right""}",cape-v2 + complete,"Candidate wrap layout as scaffold only; old back-cape deformation fails, so no accepted deformation reuse.",3×3 to 4×4 control grid; no whole sleeve/torso/cape in one part. Open edges stay unjoined.
BLT-00-00,R,"one shallow curved quad, at most one primary fold/crease","{""width"": 0.155, ""height"": 0.082}","{""left"": ""BLT-00-07.right"", ""right"": ""BLT-00-01.left""}",lower FRONT + assembly waist,Candidate waist curve may be reused after layer-clearance check.,3×3 to 4×4 control grid; shared edge control IDs and weights before welding.
BLT-00-01,R,"one shallow curved quad, at most one primary fold/crease","{""width"": 0.155, ""height"": 0.082}","{""left"": ""BLT-00-00.right"", ""right"": ""BLT-00-02.left""}",lower FRONT + assembly waist,Candidate waist curve may be reused after layer-clearance check.,3×3 to 4×4 control grid; shared edge control IDs and weights before welding.
BLT-00-02,R,"one shallow curved quad, at most one primary fold/crease","{""width"": 0.155, ""height"": 0.082}","{""left"": ""BLT-00-01.right"", ""right"": ""BLT-00-03.left""}",lower FRONT + assembly waist,Candidate waist curve may be reused after layer-clearance check.,3×3 to 4×4 control grid; shared edge control IDs and weights before welding.
BLT-00-03,R,"one shallow curved quad, at most one primary fold/crease","{""width"": 0.155, ""height"": 0.082}","{""left"": ""BLT-00-02.right"", ""right"": ""BLT-00-04.left""}",lower FRONT + assembly waist,Candidate waist curve may be reused after layer-clearance check.,3×3 to 4×4 control grid; shared edge control IDs and weights before welding.
BLT-00-04,L,"one shallow curved quad, at most one primary fold/crease","{""width"": 0.155, ""height"": 0.082}","{""left"": ""BLT-00-03.right"", ""right"": ""BLT-00-05.left""}",lower FRONT + assembly waist,Candidate waist curve may be reused after layer-clearance check.,3×3 to 4×4 control grid; shared edge control IDs and weights before welding.
BLT-00-05,L,"one shallow curved quad, at most one primary fold/crease","{""width"": 0.155, ""height"": 0.082}","{""left"": ""BLT-00-04.right"", ""right"": ""BLT-00-06.left""}",lower FRONT + assembly waist,Candidate waist curve may be reused after layer-clearance check.,3×3 to 4×4 control grid; shared edge control IDs and weights before welding.
BLT-00-06,L,"one shallow curved quad, at most one primary fold/crease","{""width"": 0.155, ""height"": 0.082}","{""left"": ""BLT-00-05.right"", ""right"": ""BLT-00-07.left""}",lower FRONT + assembly waist,Candidate waist curve may be reused after layer-clearance check.,3×3 to 4×4 control grid; shared edge control IDs and weights before welding.
BLT-00-07,L,"one shallow curved quad, at most one primary fold/crease","{""width"": 0.155, ""height"": 0.082}","{""left"": ""BLT-00-06.right"", ""right"": ""BLT-00-00.left""}",lower FRONT + assembly waist,Candidate waist curve may be reused after layer-clearance check.,3×3 to 4×4 control grid; shared edge control IDs and weights before welding.
CUFL-00-00,L,"one shallow curved quad, at most one primary fold/crease","{""width"": 0.085, ""height"": 0.1}","{""bottom"": ""CUFL-01-00.top"", ""left"": ""CUFL-00-03.right"", ""right"": ""CUFL-00-01.left""}",hands-staff cuff + upper,Candidate cuff coverage/rig endpoints only; crossing wrap bands need their own micro references.,3×3 to 4×4 control grid; shared edge control IDs and weights before welding.
CUFL-00-01,L,"one shallow curved quad, at most one primary fold/crease","{""width"": 0.085, ""height"": 0.1}","{""bottom"": ""CUFL-01-01.top"", ""left"": ""CUFL-00-00.right"", ""right"": ""CUFL-00-02.left""}",hands-staff cuff + upper,Candidate cuff coverage/rig endpoints only; crossing wrap bands need their own micro references.,3×3 to 4×4 control grid; shared edge control IDs and weights before welding.
CUFL-00-02,L,"one shallow curved quad, at most one primary fold/crease","{""width"": 0.085, ""height"": 0.1}","{""bottom"": ""CUFL-01-02.top"", ""left"": ""CUFL-00-01.right"", ""right"": ""CUFL-00-03.left""}",hands-staff cuff + upper,Candidate cuff coverage/rig endpoints only; crossing wrap bands need their own micro references.,3×3 to 4×4 control grid; shared edge control IDs and weights before welding.
CUFL-00-03,L,"one shallow curved quad, at most one primary fold/crease","{""width"": 0.085, ""height"": 0.1}","{""bottom"": ""CUFL-01-03.top"", ""left"": ""CUFL-00-02.right"", ""right"": ""CUFL-00-00.left""}",hands-staff cuff + upper,Candidate cuff coverage/rig endpoints only; crossing wrap bands need their own micro references.,3×3 to 4×4 control grid; shared edge control IDs and weights before welding.
CUFL-01-00,L,"one shallow curved quad, at most one primary fold/crease","{""width"": 0.085, ""height"": 0.1}","{""top"": ""CUFL-00-00.bottom"", ""left"": ""CUFL-01-03.right"", ""right"": ""CUFL-01-01.left""}",hands-staff cuff + upper,Candidate cuff coverage/rig endpoints only; crossing wrap bands need their own micro references.,3×3 to 4×4 control grid; shared edge control IDs and weights before welding.
CUFL-01-01,L,"one shallow curved quad, at most one primary fold/crease","{""width"": 0.085, ""height"": 0.1}","{""top"": ""CUFL-00-01.bottom"", ""left"": ""CUFL-01-00.right"", ""right"": ""CUFL-01-02.left""}",hands-staff cuff + upper,Candidate cuff coverage/rig endpoints only; crossing wrap bands need their own micro references.,3×3 to 4×4 control grid; shared edge control IDs and weights before welding.
CUFL-01-02,L,"one shallow curved quad, at most one primary fold/crease","{""width"": 0.085, ""height"": 0.1}","{""top"": ""CUFL-00-02.bottom"", ""left"": ""CUFL-01-01.right"", ""right"": ""CUFL-01-03.left""}",hands-staff cuff + upper,Candidate cuff coverage/rig endpoints only; crossing wrap bands need their own micro references.,3×3 to 4×4 control grid; shared edge control IDs and weights before welding.
CUFL-01-03,L,"one shallow curved quad, at most one primary fold/crease","{""width"": 0.085, ""height"": 0.1}","{""top"": ""CUFL-00-03.bottom"", ""left"": ""CUFL-01-02.right"", ""right"": ""CUFL-01-00.left""}",hands-staff cuff + upper,Candidate cuff coverage/rig endpoints only; crossing wrap bands need their own micro references.,3×3 to 4×4 control grid; shared edge control IDs and weights before welding.
WRP-L-0,L,one narrow crossing leather ribbon with four edge controls,"{""width"": 0.012, ""length"": 0.15}","[""CUFL-00-*"", ""CUFL-01-*""]",hands-staff,No modeled cross-wrap ribbon in current candidate; new reference required.,Ribbon follows cuff surface with defined clearance; does not bind rigidly across a bending joint.
WRP-L-1,L,one narrow crossing leather ribbon with four edge controls,"{""width"": 0.012, ""length"": 0.15}","[""CUFL-00-*"", ""CUFL-01-*""]",hands-staff,No modeled cross-wrap ribbon in current candidate; new reference required.,Ribbon follows cuff surface with defined clearance; does not bind rigidly across a bending joint.
WRP-L-2,L,one narrow crossing leather ribbon with four edge controls,"{""width"": 0.012, ""length"": 0.15}","[""CUFL-00-*"", ""CUFL-01-*""]",hands-staff,No modeled cross-wrap ribbon in current candidate; new reference required.,Ribbon follows cuff surface with defined clearance; does not bind rigidly across a bending joint.
CUFR-00-00,R,"one shallow curved quad, at most one primary fold/crease","{""width"": 0.085, ""height"": 0.1}","{""bottom"": ""CUFR-01-00.top"", ""left"": ""CUFR-00-03.right"", ""right"": ""CUFR-00-01.left""}",hands-staff cuff + upper,Candidate cuff coverage/rig endpoints only; crossing wrap bands need their own micro references.,3×3 to 4×4 control grid; shared edge control IDs and weights before welding.
CUFR-00-01,R,"one shallow curved quad, at most one primary fold/crease","{""width"": 0.085, ""height"": 0.1}","{""bottom"": ""CUFR-01-01.top"", ""left"": ""CUFR-00-00.right"", ""right"": ""CUFR-00-02.left""}",hands-staff cuff + upper,Candidate cuff coverage/rig endpoints only; crossing wrap bands need their own micro references.,3×3 to 4×4 control grid; shared edge control IDs and weights before welding.
CUFR-00-02,R,"one shallow curved quad, at most one primary fold/crease","{""width"": 0.085, ""height"": 0.1}","{""bottom"": ""CUFR-01-02.top"", ""left"": ""CUFR-00-01.right"", ""right"": ""CUFR-00-03.left""}",hands-staff cuff + upper,Candidate cuff coverage/rig endpoints only; crossing wrap bands need their own micro references.,3×3 to 4×4 control grid; shared edge control IDs and weights before welding.
CUFR-00-03,R,"one shallow curved quad, at most one primary fold/crease","{""width"": 0.085, ""height"": 0.1}","{""bottom"": ""CUFR-01-03.top"", ""left"": ""CUFR-00-02.right"", ""right"": ""CUFR-00-00.left""}",hands-staff cuff + upper,Candidate cuff coverage/rig endpoints only; crossing wrap bands need their own micro references.,3×3 to 4×4 control grid; shared edge control IDs and weights before welding.
CUFR-01-00,R,"one shallow curved quad, at most one primary fold/crease","{""width"": 0.085, ""height"": 0.1}","{""top"": ""CUFR-00-00.bottom"", ""left"": ""CUFR-01-03.right"", ""right"": ""CUFR-01-01.left""}",hands-staff cuff + upper,Candidate cuff coverage/rig endpoints only; crossing wrap bands need their own micro references.,3×3 to 4×4 control grid; shared edge control IDs and weights before welding.
CUFR-01-01,R,"one shallow curved quad, at most one primary fold/crease","{""width"": 0.085, ""height"": 0.1}","{""top"": ""CUFR-00-01.bottom"", ""left"": ""CUFR-01-00.right"", ""right"": ""CUFR-01-02.left""}",hands-staff cuff + upper,Candidate cuff coverage/rig endpoints only; crossing wrap bands need their own micro references.,3×3 to 4×4 control grid; shared edge control IDs and weights before welding.
CUFR-01-02,R,"one shallow curved quad, at most one primary fold/crease","{""width"": 0.085, ""height"": 0.1}","{""top"": ""CUFR-00-02.bottom"", ""left"": ""CUFR-01-01.right"", ""right"": ""CUFR-01-03.left""}",hands-staff cuff + upper,Candidate cuff coverage/rig endpoints only; crossing wrap bands need their own micro references.,3×3 to 4×4 control grid; shared edge control IDs and weights before welding.
CUFR-01-03,R,"one shallow curved quad, at most one primary fold/crease","{""width"": 0.085, ""height"": 0.1}","{""top"": ""CUFR-00-03.bottom"", ""left"": ""CUFR-01-02.right"", ""right"": ""CUFR-01-00.left""}",hands-staff cuff + upper,Candidate cuff coverage/rig endpoints only; crossing wrap bands need their own micro references.,3×3 to 4×4 control grid; shared edge control IDs and weights before welding.
WRP-R-0,R,one narrow crossing leather ribbon with four edge controls,"{""width"": 0.012, ""length"": 0.15}","[""CUFR-00-*"", ""CUFR-01-*""]",hands-staff,No modeled cross-wrap ribbon in current candidate; new reference required.,Ribbon follows cuff surface with defined clearance; does not bind rigidly across a bending joint.
WRP-R-1,R,one narrow crossing leather ribbon with four edge controls,"{""width"": 0.012, ""length"": 0.15}","[""CUFR-00-*"", ""CUFR-01-*""]",hands-staff,No modeled cross-wrap ribbon in current candidate; new reference required.,Ribbon follows cuff surface with defined clearance; does not bind rigidly across a bending joint.
WRP-R-2,R,one narrow crossing leather ribbon with four edge controls,"{""width"": 0.012, ""length"": 0.15}","[""CUFR-00-*"", ""CUFR-01-*""]",hands-staff,No modeled cross-wrap ribbon in current candidate; new reference required.,Ribbon follows cuff surface with defined clearance; does not bind rigidly across a bending joint.
BUCKLE-ARC-0,C,one quarter-annulus with explicit front/back bevel,"{""arcLength"": 0.057, ""outerRadius"": 0.036, ""thickness"": 0.007}","[""BUCKLE-ARC-3"", ""BUCKLE-ARC-1""]",lower FRONT,Candidate local ring path/tangent frame may be reused; decorative reference match not verified.,Four matching quarters form one closed ring. Hardware uses existing brass batch.
BUCKLE-ARC-1,C,one quarter-annulus with explicit front/back bevel,"{""arcLength"": 0.057, ""outerRadius"": 0.036, ""thickness"": 0.007}","[""BUCKLE-ARC-0"", ""BUCKLE-ARC-2""]",lower FRONT,Candidate local ring path/tangent frame may be reused; decorative reference match not verified.,Four matching quarters form one closed ring. Hardware uses existing brass batch.
BUCKLE-ARC-2,C,one quarter-annulus with explicit front/back bevel,"{""arcLength"": 0.057, ""outerRadius"": 0.036, ""thickness"": 0.007}","[""BUCKLE-ARC-1"", ""BUCKLE-ARC-3""]",lower FRONT,Candidate local ring path/tangent frame may be reused; decorative reference match not verified.,Four matching quarters form one closed ring. Hardware uses existing brass batch.
BUCKLE-ARC-3,C,one quarter-annulus with explicit front/back bevel,"{""arcLength"": 0.057, ""outerRadius"": 0.036, ""thickness"": 0.007}","[""BUCKLE-ARC-2"", ""BUCKLE-ARC-0""]",lower FRONT,Candidate local ring path/tangent frame may be reused; decorative reference match not verified.,Four matching quarters form one closed ring. Hardware uses existing brass batch.
HANGER-ARC-0,R,one quarter-annulus with explicit front/back bevel,"{""arcLength"": 0.042, ""outerRadius"": 0.027, ""thickness"": 0.007}","[""HANGER-ARC-3"", ""HANGER-ARC-1""]",lower FRONT,Candidate local ring path/tangent frame may be reused; decorative reference match not verified.,Four matching quarters form one closed ring. Hardware uses existing brass batch.
HANGER-ARC-1,R,one quarter-annulus with explicit front/back bevel,"{""arcLength"": 0.042, ""outerRadius"": 0.027, ""thickness"": 0.007}","[""HANGER-ARC-0"", ""HANGER-ARC-2""]",lower FRONT,Candidate local ring path/tangent frame may be reused; decorative reference match not verified.,Four matching quarters form one closed ring. Hardware uses existing brass batch.
HANGER-ARC-2,R,one quarter-annulus with explicit front/back bevel,"{""arcLength"": 0.042, ""outerRadius"": 0.027, ""thickness"": 0.007}","[""HANGER-ARC-1"", ""HANGER-ARC-3""]",lower FRONT,Candidate local ring path/tangent frame may be reused; decorative reference match not verified.,Four matching quarters form one closed ring. Hardware uses existing brass batch.
HANGER-ARC-3,R,one quarter-annulus with explicit front/back bevel,"{""arcLength"": 0.042, ""outerRadius"": 0.027, ""thickness"": 0.007}","[""HANGER-ARC-2"", ""HANGER-ARC-0""]",lower FRONT,Candidate local ring path/tangent frame may be reused; decorative reference match not verified.,Four matching quarters form one closed ring. Hardware uses existing brass batch.
BROOCH-L-ARC-0,L,one quarter-annulus with explicit front/back bevel,"{""arcLength"": 0.042, ""outerRadius"": 0.027, ""thickness"": 0.007}","[""BROOCH-L-ARC-3"", ""BROOCH-L-ARC-1""]",complete + assembly brooch,Candidate local ring path/tangent frame may be reused; decorative reference match not verified.,Four matching quarters form one closed ring. Hardware uses existing brass batch.
BROOCH-L-ARC-1,L,one quarter-annulus with explicit front/back bevel,"{""arcLength"": 0.042, ""outerRadius"": 0.027, ""thickness"": 0.007}","[""BROOCH-L-ARC-0"", ""BROOCH-L-ARC-2""]",complete + assembly brooch,Candidate local ring path/tangent frame may be reused; decorative reference match not verified.,Four matching quarters form one closed ring. Hardware uses existing brass batch.
BROOCH-L-ARC-2,L,one quarter-annulus with explicit front/back bevel,"{""arcLength"": 0.042, ""outerRadius"": 0.027, ""thickness"": 0.007}","[""BROOCH-L-ARC-1"", ""BROOCH-L-ARC-3""]",complete + assembly brooch,Candidate local ring path/tangent frame may be reused; decorative reference match not verified.,Four matching quarters form one closed ring. Hardware uses existing brass batch.
BROOCH-L-ARC-3,L,one quarter-annulus with explicit front/back bevel,"{""arcLength"": 0.042, ""outerRadius"": 0.027, ""thickness"": 0.007}","[""BROOCH-L-ARC-2"", ""BROOCH-L-ARC-0""]",complete + assembly brooch,Candidate local ring path/tangent frame may be reused; decorative reference match not verified.,Four matching quarters form one closed ring. Hardware uses existing brass batch.
BROOCH-L-DISC,L,one shallow convex disc with ring seat,"{""diameter"": 0.042, ""depth"": 0.006}","[""BROOCH-L-ARC-*""]",complete + assembly brooch,Candidate tangent plane and centre position only.,No floral/spiral design invented; canonical ornament must be fixed first.
BROOCH-R-ARC-0,R,one quarter-annulus with explicit front/back bevel,"{""arcLength"": 0.042, ""outerRadius"": 0.027, ""thickness"": 0.007}","[""BROOCH-R-ARC-3"", ""BROOCH-R-ARC-1""]",complete + assembly brooch,Candidate local ring path/tangent frame may be reused; decorative reference match not verified.,Four matching quarters form one closed ring. Hardware uses existing brass batch.
BROOCH-R-ARC-1,R,one quarter-annulus with explicit front/back bevel,"{""arcLength"": 0.042, ""outerRadius"": 0.027, ""thickness"": 0.007}","[""BROOCH-R-ARC-0"", ""BROOCH-R-ARC-2""]",complete + assembly brooch,Candidate local ring path/tangent frame may be reused; decorative reference match not verified.,Four matching quarters form one closed ring. Hardware uses existing brass batch.
BROOCH-R-ARC-2,R,one quarter-annulus with explicit front/back bevel,"{""arcLength"": 0.042, ""outerRadius"": 0.027, ""thickness"": 0.007}","[""BROOCH-R-ARC-1"", ""BROOCH-R-ARC-3""]",complete + assembly brooch,Candidate local ring path/tangent frame may be reused; decorative reference match not verified.,Four matching quarters form one closed ring. Hardware uses existing brass batch.
BROOCH-R-ARC-3,R,one quarter-annulus with explicit front/back bevel,"{""arcLength"": 0.042, ""outerRadius"": 0.027, ""thickness"": 0.007}","[""BROOCH-R-ARC-2"", ""BROOCH-R-ARC-0""]",complete + assembly brooch,Candidate local ring path/tangent frame may be reused; decorative reference match not verified.,Four matching quarters form one closed ring. Hardware uses existing brass batch.
BROOCH-R-DISC,R,one shallow convex disc with ring seat,"{""diameter"": 0.042, ""depth"": 0.006}","[""BROOCH-R-ARC-*""]",complete + assembly brooch,Candidate tangent plane and centre position only.,No floral/spiral design invented; canonical ornament must be fixed first.
TONGUE-0,R,one straight or tapered leather strip section,"{""width"": 0.048, ""height"": 0.117}","[""HANGER-ARC-*"", ""TONGUE-1""]",lower FRONT,Existing strip centreline reusable only after front-layer clearance checks.,"Three strips form one hanging belt tail; shared edge ID, no independent floating pieces."
TONGUE-1,R,one straight or tapered leather strip section,"{""width"": 0.048, ""height"": 0.117}","[""TONGUE-0"", ""TONGUE-2""]",lower FRONT,Existing strip centreline reusable only after front-layer clearance checks.,"Three strips form one hanging belt tail; shared edge ID, no independent floating pieces."
TONGUE-2,R,one straight or tapered leather strip section,"{""width"": 0.048, ""height"": 0.117}","[""TONGUE-1"", ""free tip""]",lower FRONT,Existing strip centreline reusable only after front-layer clearance checks.,"Three strips form one hanging belt tail; shared edge ID, no independent floating pieces."
BUCKLE-PIN,C,one short bent pin with hinge end,"{""length"": 0.041, ""radius"": 0.003}","[""BUCKLE-ARC-*"", ""BLT-00-*""]",lower FRONT + assembly waist,Not present as a complete candidate part.,Exact hole/pin relation must be supplied in the micro reference.
